date,added,deleted,commits
2024-01-10,6,6,1
2024-02-25,343,421,6
2024-02-27,63,6,1
2024-03-03,8,0,1
2024-03-04,659,86,2
2024-03-15,6,6,1
2024-03-28,32,32,1
2024-04-11,6,6,1
2024-05-02,35892,42110,10
2024-06-08,434,5680,6
2024-06-09,1503,1401,18
2024-06-15,3,3,1
2024-07-21,1652,181,12
2024-07-25,2,0,1
2024-07-27,3,4,2
2024-08-31,20547,10938,3
2024-09-01,25,121,1
2024-09-03,1,1,1
2024-09-05,5,0,1
2024-09-12,143,94,1
2024-09-22,23927,40287,16
2024-09-27,5117,89,1
2024-10-06,420,5296,17
2024-10-10,16,3,1
2024-10-13,5125,97,1
2024-10-25,6,6,1
2024-10-31,6,6,1
2024-11-19,12,12,1
2024-11-24,79,147,1
2024-11-26,6,6,1
2024-12-15,6,6,1
2024-12-18,18,14,1
2025-01-21,7,6,1
2025-02-01,4,4,2
2025-02-11,310,209,1
2025-02-18,7,6,1
2025-03-28,90,75,1
2025-03-29,76,192,2
2025-04-01,7,6,1
2025-04-09,3,2,2
2025-04-12,1077,5308,17
2025-04-14,191,2797,6
2025-04-16,2158,559,1
2025-04-25,23,35,2
2025-04-26,24162,45913,20
2025-04-27,458,183,15
2025-05-02,1363,3415,10
2025-05-03,358,263,13
2025-05-06,3,3,1
2025-05-23,496,726,3
2025-06-24,65,8,1
2025-07-16,531,518,1
2025-07-18,7,7,1
2025-07-23,21,4,1
2025-08-22,16,30,1
2025-08-24,422,396,2
2025-09-04,5,5,1
2025-10-11,1309,1267,6
2025-11-15,489,501,1
2025-11-17,246,232,8
2025-11-20,1,1,1
2025-11-26,5,4,1
2025-12-01,394,391,2
2025-12-05,307,233,3
2025-12-28,4419,2780,10
2025-12-30,12,11,1
2026-01-02,2,2,2
2026-01-04,3,0,1
2026-01-09,812,554,1
2026-01-11,5,0,1
2026-01-22,3,3,1
2026-02-01,2759,2587,9
2026-02-14,3,3,1
2026-02-15,710,688,6
2026-02-19,3,3,1
2026-02-28,3,3,1
2026-03-01,22541,30593,18
2026-03-02,182,4,3
2026-03-05,663,289,3
2026-03-07,12,5,4
2026-03-11,3,3,1
2026-03-15,1903,1105,1
2026-03-21,3,3,1
2026-03-26,15,15,1
2026-03-27,3,3,1
2026-04-01,3,3,1
2026-04-03,5,5,1
2026-04-04,3,3,1
2026-04-06,100,106,1
2026-04-12,11,8,1
2026-04-14,4,4,2
2026-04-23,3,3,1
2026-04-25,3,3,1
2026-05-07,3,3,1
2026-05-08,4,4,1
2026-05-09,3,3,1
2026-05-13,3,3,1
2026-05-28,3,3,1
2026-06-06,9,9,1
2026-06-09,165,21,1
2026-06-12,228,1795,1
2026-06-16,108,109,1
2026-06-20,33,13,5
2026-06-21,2,1,1
